operation	throughput
GET	1960.784380
SET	1694.915250
GET	1941.930630
SET	1680.791000
GET	1948.215213
SET	1685.499083
GET	1951.357505
SET	1680.791000
GET	1961.086004
SET	1677.966150
