operation	throughput
GET	450.450440
SET	361.010810
GET	343.708635
SET	237.779170
GET	352.140320
SET	221.058537
GET	357.388818
SET	194.796222
GET	356.333586
SET	179.174202
