operation	throughput
GET	1818.181880
SET	1492.537250
GET	1818.181880
SET	1527.518565
GET	1818.181880
SET	1523.396210
GET	1810.064972
SET	1533.172127
GET	1811.688354
SET	1529.568002
