operation	throughput
GET	1234.567880
SET	909.090940
GET	1258.309565
SET	893.141970
GET	1266.223460
SET	974.215853
GET	1266.123282
SET	944.337110
GET	1266.063176
SET	916.760012
