operation	throughput
GET	1149.425380
SET	1052.631620
GET	1149.425380
SET	1058.230750
GET	1136.653960
SET	1056.364373
GET	1139.846815
SET	1061.090467
GET	1139.150176
SET	1055.057936
