operation	throughput
GET	1538.461620
SET	1298.701250
GET	1538.461620
SET	1307.245375
GET	1538.461620
SET	1304.397333
GET	1538.461620
SET	1311.631312
GET	1543.269272
SET	1319.575326
