operation	throughput
GET	2439.024250
SET	2040.816380
GET	2439.024250
SET	2000.800380
GET	2439.024250
SET	2000.533587
GET	2439.024250
SET	2010.604285
GET	2439.024250
SET	2016.646704
