operation	throughput
GET	1960.784380
SET	1562.499880
GET	1980.392190
SET	1538.825690
GET	1986.928127
SET	1546.717087
GET	1990.196095
SET	1538.825690
GET	1992.156876
SET	1534.090852
