operation	throughput
GET	1492.537250
SET	1176.470620
GET	1204.984220
SET	1169.630620
GET	1286.414607
SET	1167.350620
GET	1327.129800
SET	1166.210620
GET	1351.558916
SET	1162.853572
