operation	throughput
GET	2702.702750
SET	2272.727250
GET	2667.140875
SET	2272.727250
GET	2678.994833
SET	2255.892250
GET	2684.921813
SET	2260.101000
GET	2688.478000
SET	2252.525250
