operation	throughput
GET	2404.181200
SET	1945.701380
