operation	throughput
GET	2439.024250
SET	1851.851750
GET	2409.988375
SET	1851.851750
GET	2400.309750
SET	1888.162627
GET	2381.627625
SET	1906.318065
GET	2393.106950
SET	1909.669828
