operation	throughput
GET	2777.778000
SET	2173.913000
GET	2740.240375
SET	2249.747125
GET	2752.752917
SET	2275.025167
GET	2759.009187
SET	2261.824437
GET	2762.762950
SET	2253.904000
