operation	throughput
GET	2747.747900
SET	2283.298050
