operation	throughput
GET	980.392190
SET	793.650750
GET	1027.830470
SET	775.613250
GET	999.685730
SET	758.621397
GET	1024.489577
SET	754.151220
GET	1023.673300
SET	758.359738
