operation	throughput
GET	1037.517174
SET	746.565526
