operation	throughput
GET	2591.093100
SET	2016.646704
