operation	throughput
GET	2564.102500
SET	2000
GET	2532.051250
SET	2000
GET	2542.735000
SET	1986.928127
GET	2548.076875
SET	2000.400190
GET	2564.777300
SET	2016.986828
