packetsize	rx
64	14.15583
128	8.220263
256	4.446257
512	2.331321
1024	1.192632
1500	0.820041
