packetsize	rx
64	1.651603
128	1.579300
256	1.504359
512	1.481836
1024	1.192736
1500	0.820075
