packetsize	rx
64	1.658948
128	1.569004
256	1.485561
512	1.479291
1024	1.189664
1500	0.818891
