packetsize	rx
64	14.19142
128	8.214138
256	4.445678
512	2.329066
1024	1.190099
1500	0.818558
