operation	throughput
GET	2127.659750
SET	1754.386000
GET	2044.222065
SET	1754.386000
GET	2057.259170
SET	1764.828750
GET	2074.859315
SET	1747.350375
GET	2085.419402
SET	1755.023150
