operation	throughput
GET	350.877190
SET	216.450200
GET	401.682940
SET	166.095465
GET	395.502543
SET	176.476523
GET	386.554962
SET	161.700115
GET	357.670124
SET	197.619474
