operation	throughput
GET	1388.889000
SET	1369.863000
GET	1327.355875
SET	1156.629625
GET	1335.354377
SET	1141.456790
GET	1317.971470
SET	1140.183498
GET	1321.043826
SET	1129.538098
