operation	throughput
GET	1923.076880
SET	1612.903250
GET	1904.934690
SET	1612.903250
GET	1923.551253
SET	1612.903250
GET	1932.859535
SET	1606.502812
GET	1930.903004
SET	1607.782900
