operation	throughput
GET	1612.903250
SET	1388.889000
GET	1612.903250
SET	1388.889000
GET	1621.716917
SET	1376.376460
GET	1613.113063
SET	1384.395000
GET	1613.071100
SET	1385.293800
