operation	throughput
GET	1234.567880
SET	1123.595500
GET	1227.040000
SET	1123.595500
GET	1219.633127
SET	1127.851540
GET	1215.929690
SET	1126.787530
GET	1219.657328
SET	1128.702748
