operation	throughput
GET	2777.778000
SET	2173.913000
GET	2704.678500
SET	2173.913000
GET	2704.019917
SET	2173.913000
GET	2685.909688
SET	2173.913000
GET	2689.268300
SET	2173.913000
