operation	throughput
GET	2000
SET	1562.499880
GET	2041.666690
SET	1574.900690
GET	2055.555587
SET	1579.034293
GET	2051.870785
SET	1581.101095
GET	2049.659904
SET	1582.341176
