operation	throughput
GET	2702.702750
SET	2325.581250
GET	2740.240375
SET	2325.581250
GET	2752.752917
SET	2325.581250
GET	2759.009187
SET	2325.581250
GET	2762.762950
SET	2315.010450
